,dominant1,dominant2,Unique_ID,sample_name,expedition,tube_number,coral_tag,TotalSeq
24,ASV89,ASV15,5_2014,5_2014,2014,5,5,3156
155,ASV15,,85_2015a - Post,5_2015a,2015a - Post,85,5,14674
216,ASV15,ASV89,5_2015b,5_2015b,2015b,5,5,15804
423,ASV89,ASV15,5_2015c,5_2015c,2015c,5,5,1546
474,ASV89,,42_2016a,5_2016a,2016a,42,5,2963
27,ASV15,,8_2014,8_2014,2014,8,8,3931
30,ASV4,ASV10,15_2014,15_2014,2014,15,15,11803
159,ASV10,ASV4,93_2015a - Post,15_2015a,2015a - Post,93,15,9973
229,ASV4,,17_2015b,15_2015b,2015b,17,15,10424
424,ASV10,ASV4,12_2015c,15_2015c,2015c,12,15,8853
477,ASV10,ASV4,51_2016a,15_2016a,2016a,51,15,14504
610,ASV16,,16_2014,16_2014,2014,16,16,4408
611,ASV2,,18_2014,18_2014,2014,18,18,9185
79,ASV10,,187_2015c,187_2015c,2015c,187,25,6
612,ASV17,ASV2,25_2014,25_2014,2014,25,25,4861
613,ASV16,,27_2014,27_2014,2014,27,27,6885
150,ASV6,,192_2015c,32_2015c,2015c,192,32,31
614,ASV6,,32_2014,32_2014,2014,32,32,8684
615,ASV25,,40_2014,40_2014,2014,40,40,8925
616,ASV16,,42_2014,42_2014,2014,42,42,8320
57,ASV4,ASV9,145_2015b_1,46_2015b_1,2015b,145,46,114
280,ASV4,ASV9,145_2015b,46_2015b,2015b,145,46,14142
386,ASV4,ASV9,46_2014,112_874_2014,2014,46,46,640
427,ASV4,ASV9,87_2015c,46_2015c,2015c,87,46,22343
482,ASV4,ASV9,68_2016a,46_2016a,2016a,68,46,13338
44,ASV2,,55_2014_2,55_2014_2,2014,55,55,120
617,ASV7,,57_2014,57_2014,2014,57,57,7546
45,ASV25,,59_2014_2,59_2014_2,2014,59,59,11
37,ASV90,,63_2014,63_2014,2014,63,63,5842
43,ASV19,,41_2014_2,41_2014_2,2014,41,66,10
619,ASV16,,75_2014,75_2014,2014,75,75,2722
620,ASV9,,77_2014,77_2014,2014,77,77,10654
621,ASV80,,79_2014,79_2014,2014,79,79,10612
46,ASV2,ASV17,80_2014_2,80_2014_2,2014,80,80,1510
622,ASV2,ASV17,80_2014,80_2014,2014,80,80,59
623,ASV7,,81_2014,81_2014,2014,81,81,2753
40,ASV10,ASV4,87_2014,87_2014,2014,87,87,7917
54,ASV26,,97_2014,97_2014,2014,97,97,7135
163,ASV26,,100_2015a - Post,97_2015a,2015a - Post,100,97,5267
174,ASV79,ASV26,224_2015c,97_2015c,2015c,224,97,137
230,ASV26,ASV79,24_2015b,97_2015b,2015b,24,97,6458
60,ASV97,,107_2014,107_2014,2014,107,107,2970
167,ASV97,,109_2015a - Post,107_2015a,2015a - Post,109,107,11069
387,ASV16,ASV174,112_2014,128_2014,2014,112,112,113
237,ASV2,,35_2015b,119_2015b,2015b,35,119,8240
624,ASV15,,122_2014,122_2014,2014,122,122,5120
625,ASV16,,124_2014,124_2014,2014,124,124,12045
62,ASV7,,126_2014,126_2014,2014,126,126,9195
66,ASV44,,131_2014,131_2014,2014,131,131,4575
71,ASV7,,136_2014,136_2014,2014,136,136,9138
178,ASV7,,132_2015a - Post,136_2015a,2015a - Post,132,136,10057
245,ASV7,,45_2015b,136_2015b,2015b,45,136,21157
74,ASV56,,140_2014,140_2014,2014,140,140,7221
181,ASV56,,135_2015a - Post,140_2015a,2015a - Post,135,140,10771
91,ASV2,,144_2014,144_2014,2014,144,144,2129
185,ASV2,,137_2015a - Post,144_2015a,2015a - Post,137,144,5286
249,ASV2,,49_2015b,144_2015b,2015b,49,144,16612
96,ASV27,,151_2014,151_2014,2014,151,151,9024
187,ASV27,ASV15,143_2015a - Post,151_2015a,2015a - Post,143,151,10992
251,ASV27,ASV15,54_2015b,151_2015b,2015b,54,151,27413
451,ASV27,ASV15,332_2015c,151_1166_2015c,2015c,332,151,1103
626,ASV9,ASV44,156_2014,156_2014,2014,156,156,6734
627,ASV2,,168_2014,168_2014,2014,168,168,5043
628,ASV17,ASV2,169_2014,169_2014,2014,169,169,12466
148,ASV7,,35_2019,35_2019,2019,35,172,58
629,ASV16,,172_2014,172_1112_2014,2014,172,172,11987
630,ASV25,,177_2014,177_2014,2014,177,177,661
631,ASV4,ASV10,180_2014,180_2014,2014,180,180,7498
389,ASV26,,194_2014,197_2014,2014,194,194,430
438,ASV26,,201_2015c,194_2015c,2015c,201,194,2054
514,ASV26,,193_2016a,194_2016a,2016a,193,194,861
390,ASV7,,197_2014,200_972_2014,2014,197,197,433
439,ASV7,,204_2015c,197_2015c,2015c,204,197,5777
515,ASV7,,194_2016a,197_2016a,2016a,194,197,7178
633,ASV2,ASV17,208_2014,208_2014,2014,208,208,13852
61,ASV145,ASV25,148_2017,230_2017,2017,148,230,7213
103,ASV145,ASV25,148_2017_2,148_2017_2,2017,148,230,29
634,ASV4,,238_2014,238_2014,2014,238,238,9229
635,ASV7,,239_2014,239_2014,2014,239,239,11474
291,ASV16,ASV140,241_2014,241_2015b,2014,241,241,8755
636,ASV16,ASV140,176_2015b,241_2014,2015b,176,241,1497
637,ASV16,,264_2014,264_2014,2014,264,264,5998
638,ASV2,,286_2014,286_2014,2014,286,286,11437
639,ASV77,,294_2014,294_2014,2014,294,294,1422
640,ASV7,,300_2014,300_2014,2014,300,300,11020
641,ASV2,ASV17,304_2014,304_2014,2014,304,304,5842
642,ASV16,,307_2014,307_2014,2014,307,307,8611
392,ASV14,,314_2014,317_949_2014,2014,314,314,1840
643,ASV15,,318_2014,318_2014,2014,318,318,9257
307,ASV16,,254_2015b,325_2015b,2015b,254,325,2397
351,ASV16,,487_2015c,325_2015c,2015c,487,325,36
644,ASV16,,325_2014,325_2014,2014,325,325,7792
645,ASV97,ASV25,332_2014,332_2014,2014,332,332,7752
646,ASV27,ASV2,343_2014,343_2014,2014,343,343,7474
394,ASV10,ASV4,361_2014,364_2014,2014,361,361,183
395,ASV16,ASV90,364_2014,441_2014,2014,364,364,278
463,ASV90,ASV16,527_2015c,364_2015c,2015c,527,364,1922
503,ASV90,ASV16,129_2016a,364_2016a,2016a,129,364,6929
97,ASV82,ASV22,387_2014,387_2014,2014,387,387,12354
189,ASV82,ASV22,146_2015a - Post,387_2015a,2015a - Post,146,387,20955
649,ASV67,,401_2014,401_2014,2014,401,401,8932
651,ASV4,,420_2014,420_2014,2014,420,420,5959
652,ASV15,,421_2014,421_2014,2014,421,421,7096
653,ASV140,,425_2014,425_2014,2014,425,425,1183
255,ASV17,,62_2015b,430_2015b,2015b,62,430,10155
305,ASV17,,341_2015c,430_2015c,2015c,341,430,357
81,ASV2,,344_2015c,344_2015c,2015c,344,434,765
654,ASV2,,434_2014,434_2014,2014,434,434,7980
112,ASV32,ASV80,453_2014,453_2014,2014,453,453,27367
656,ASV16,,459_2014,459_2014,2014,459,459,11215
657,ASV115,,464_2014,464_2014,2014,464,464,21954
113,ASV7,,467_2014,467_2014,2014,467,467,7156
194,ASV7,,155_2015a - Post,467_2015a,2015a - Post,155,467,11083
87,ASV28,,93_2015c,93_2015c,2015c,93,474,23
116,ASV45,ASV28,474_2014,474_2014,2014,474,474,2258
190,ASV45,ASV28,147_2015a - Post,474_2015a,2015a - Post,147,474,14027
272,ASV45,ASV28,135_2015b,474_2015b,2015b,135,474,19757
119,ASV16,,476_2014,476_2014,2014,476,476,3551
192,ASV16,,148_2015a - Post,476_2015a,2015a - Post,148,476,9785
270,ASV16,,134_2015b,476_2015b,2015b,134,476,14442
658,ASV19,ASV39,488_2014,488_2014,2014,488,488,20550
142,ASV16,ASV174,189_2015b,489_2015b,2015b,189,489,196
344,ASV16,,441_2015c,489_2015c,2015c,441,489,265
659,ASV16,,489_2014,489_2014,2014,489,489,5676
660,ASV22,,495_2014,495_2014,2014,495,495,7613
397,ASV28,,499_2014,46_2014,2014,499,499,772
410,ASV28,,195_2015b,499_2015b,2015b,195,499,788
456,ASV28,,452_2015c,499_2015c,2015c,452,499,5840
466,ASV28,,5_2016a,499_2016a,2016a,5,499,3104
661,ASV15,,502_2014,502_2014,2014,502,502,3101
662,ASV22,ASV218,507_2014,507_2014,2014,507,507,3675
663,ASV10,,511_2014,511_2014,2014,511,511,61
664,ASV174,ASV90,513_2014,513_2014,2014,513,513,284
665,ASV17,ASV2,515_2014,515_2014,2014,515,515,1184
399,ASV22,ASV6,29_2015a - Pre,580_2015a,2015a - Pre,29,580,4879
277,ASV9,,310_2017,591_2017,2017,310,591,22307
401,ASV9,,40_2015a - Pre,591_2015a,2015a - Pre,40,591,8233
409,ASV9,,86_2015b,591_2015b,2015b,86,591,496
431,ASV9,,109_2015c,591_2015c,2015c,109,591,4257
507,ASV9,,156_2016a,591_2016a,2016a,156,591,12881
579,ASV9,,111_2016b,591_2016b,2016b,111,591,15901
13,ASV4,,115_2015c,596_2015c,2015c,115,596,685
381,ASV2,ASV17,91_2015b,596_2015b,2015b,91,596,95
666,ASV2,,45_2015a - Pre,596_2015a,2015a - Pre,45,596,30
20,ASV7,,120_2015c,601_2015c,2015c,120,601,467
578,ASV32,,107_2016b,601_2016b,2016b,107,601,13180
667,ASV22,,54_2015a - Pre,604_2015a,2015a - Pre,54,604,5790
678,ASV22,,55_2015a,55_2015a,2015a,55,604,82
402,ASV6,,59_2015a - Pre,608_2015a,2015a - Pre,59,608,1575
432,ASV6,,130_2015c,608_2015c,2015c,130,608,11418
508,ASV6,,161_2016a,608_2016a,2016a,161,608,6986
403,ASV9,,61_2015a - Pre,610_2015a,2015a - Pre,61,610,2704
434,ASV9,,136_2015c,610_2015c,2015c,136,610,12481
511,ASV9,,165_2016a,610_2016a,2016a,165,610,9205
405,ASV14,,73_2015a - Pre,624_2015a,2015a - Pre,73,624,729
435,ASV9,ASV132,138_2015c,624_2015c,2015c,138,624,9691
510,ASV132,ASV9,163_2016a,624_2016a,2016a,163,624,4251
108,ASV14,,318_2017_2,318_2017_2,2017,318,627,19
282,ASV14,,318_2017,627_2017,2017,318,627,25582
320,ASV14,,318_2017_FQ,KI17FQ318,2017,318,627,488
406,ASV14,,76_2015a - Pre,627_2015a,2015a - Pre,76,627,3457
436,ASV14,,148_2015c,627_2015c,2015c,148,627,13095
512,ASV14,,166_2016a,627_2016a,2016a,166,627,8661
78,ASV25,,96_2015b,96_2015b,2015b,96,650,3
4,ASV45,,105_2015b,659_2015b,2015b,105,659,105
68,ASV7,,154_2017,1074_2017,2017,154,659,2654
252,ASV7,,29_2015c,659_2015c,2015c,29,659,130
317,ASV4,,FQ154_2017,KI17FQ154,2017,FQ154,659,23
583,ASV7,,119_2016b,659_2016b,2016b,119,659,8015
14,ASV16,,116_2015b,670_2015b,2015b,116,670,14
286,ASV25,,161_2015b,694_2015b,2015b,161,694,3222
295,ASV7,,182_2015b,717_2015b,2015b,182,717,8702
324,ASV7,,367_2015c,717_2015c,2015c,367,717,1066
298,ASV28,ASV19,201_2015b,723_2015b,2015b,201,723,9913
425,ASV28,ASV19,79_2015c,723_2015c,2015c,79,723,5054
484,ASV28,ASV19,75_2016a,723_2016a,2016a,75,723,3363
179,ASV6,,229_2015b,752_2015b,2015b,229,752,244
348,ASV6,,470_2015c,752_2015c,2015c,470,752,117
180,ASV7,,230_2015b,753_2015b,2015b,230,753,8
349,ASV7,,471_2015c,753_2015c,2015c,471,753,125
77,ASV9,,235_2015b,235_2015b,2015b,235,758,56
83,ASV6,ASV126,449_2015c,449_2015c,2015c,449,758,149
321,ASV7,,269_2015b,773_2015b,2015b,269,773,6786
461,ASV7,,512_2015c,773_2015c,2015c,512,773,2542
498,ASV7,,122_2016a,773_2016a,2016a,122,773,821
84,ASV9,,478_2015c,478_2015c,2015c,478,782,18
323,ASV9,ASV44,278_2015b,782_2015b,2015b,278,782,13829
412,ASV97,,286_2015b,790_2015b,2015b,286,790,813
442,ASV97,,256_2015c,790_2015c,2015c,256,790,993
487,ASV97,ASV260,90_2016a,790_2016a,2016a,90,790,1897
241,ASV2,ASV17,279_2015c,812_2015c,2015c,279,812,1436
275,ASV2,ASV17,308_2015b,812_2015b,2015b,308,812,900
414,ASV4,ASV10,312_2015b,816_2015b,2015b,312,816,707
445,ASV10,ASV4,282_2015c,816_2015c,2015c,282,816,2859
92,ASV9,,162_2019,162_2019,2019,162,821,53
416,ASV9,ASV4,317_2015b,821_2015b,2015b,317,821,4215
450,ASV4,ASV9,302_2015c,821_2015c,2015c,302,821,13317
493,ASV4,ASV9,102_2016a,821_2016a,2016a,102,821,1011
563,ASV4,ASV9,70_2016b,821_2016b,2016b,70,821,19450
417,ASV16,ASV67,323_2015b,827_2015b,2015b,323,827,5503
446,ASV67,ASV16,288_2015c,827_2015c,2015c,288,827,564
490,ASV16,ASV67,98_2016a,827_2016a,2016a,98,827,4617
111,ASV2,,170_2019,170_2019,2019,170,831,15
149,ASV2,,190_2018,190_2018,2018,190,831,39
262,ASV2,,30_2017,831_2017,2017,30,831,8172
418,ASV2,,327_2015b,831_2015b,2015b,327,831,16831
447,ASV2,,292_2015c,831_2015c,2015c,292,831,346
491,ASV2,,99_2016a,831_2016a,2016a,99,831,998
126,ASV14,,194_2018,194_2018,2018,194,839,9
420,ASV7,,335_2015b,839_2015b,2015b,335,839,3570
449,ASV7,,299_2015c,839_2015c,2015c,299,839,1943
492,ASV7,,100_2016a,839_2016a,2016a,100,839,1373
552,ASV7,,41_2016b,807_2016b,2016b,41,839,4747
329,ASV2,ASV27,343_2015b,847_2015b,2015b,343,847,12947
175,ASV2,,225_2017,853_2017,2017,225,853,1294
421,ASV2,,349_2015b,853_2015b,2015b,349,853,2074
459,ASV2,,483_2015c,853_2015c,2015c,483,853,747
497,ASV2,,114_2016a,853_2016a,2016a,114,853,559
350,ASV16,,477_2015c,859_2015c,2015c,477,859,13
86,ASV32,,52_2015c_2,52_2015c_2,2015c,52,862,106
73,ASV7,,157_2017,677_1151_2017,2017,157,867,5617
361,ASV7,,57_2015c,867_2015c,2015c,57,867,166
441,ASV4,,236_2015c,112_874_2015c,2015c,236,874,681
476,ASV4,,50_2016a,112_874_2016a,2016a,50,874,1067
12,ASV4,,113_2017,880_2017,2017,113,880,10186
354,ASV4,,5_2018,5_2018,2018,5,880,20
364,ASV4,,6_2019,6_2019,2019,6,880,11
454,ASV4,,386_2015c,880_2015c,2015c,386,880,3115
465,ASV4,ASV138,3_2016a,880_2016a,2016a,3,880,2137
602,ASV4,ASV138,168_2016b,880_2016b,2016b,168,880,1583
331,ASV15,,389_2015c,883_2015c,2015c,389,883,1384
455,ASV2,,392_2015c,886_2015c,2015c,392,886,8499
464,ASV2,,2_2016a,886_2016a,2016a,2,886,1492
599,ASV2,,161_2016b,988_2016b,2016b,161,886,8174
333,ASV16,,394_2015c,888_2015c,2015c,394,888,98
10,ASV19,,111_2017,908_2017,2017,111,908,3775
469,ASV19,ASV6,26_2016a,908_2016a,2016a,26,908,1482
601,ASV19,,167_2016b,908_2016b,2016b,167,908,637
31,ASV2,,127_2017,913_2017,2017,127,913,2538
471,ASV2,,32_2016a,913_2016a,2016a,32,913,1006
11,ASV6,,112_2017,915_2017,2017,112,915,9270
19,ASV6,,12_2018,12_2018,2018,12,915,31
265,ASV6,,301_2019,301_2019,2019,301,915,2
472,ASV6,,34_2016a,915_2016a,2016a,34,915,3519
597,ASV6,,157_2016b,915_2016b,2016b,157,915,45758
1,ASV91,,10_2018,10_2018,2018,10,917,234
102,ASV91,,36_2016a,36_2016a,2016a,36,917,256
258,ASV91,,298_2019,298_2019,2019,298,917,267
8,ASV2,ASV17,11_2017,923_2017,2017,11,923,21840
53,ASV2,ASV17,142_2018,142_2018,2018,142,923,127
478,ASV2,ASV17,52_2016a,923_2016a,2016a,52,923,7296
604,ASV17,ASV2,173_2016b,923_2016b,2016b,173,923,1733
479,ASV4,ASV10,53_2016a,924_2016a,2016a,53,924,32853
264,ASV2,,300_2017,931_2017,2017,300,931,16283
483,ASV7,,71_2016a,938_2016a,2016a,71,938,1221
553,ASV7,,49_2016b,938_2016b,2016b,49,938,22900
177,ASV7,,227_2017,951_2017,2017,227,951,1744
501,ASV7,,127_2016a,951_2016a,2016a,127,951,619
608,ASV7,,187_2016b,951_2016b,2016b,187,951,13793
47,ASV26,,140_2016a,962_2016a,2016a,140,962,410
197,ASV26,,245_2017,962_2017,2017,245,962,3346
50,ASV7,,141_2016a,963_2016a,2016a,141,963,43
200,ASV7,,246_2017,963_2017,2017,246,963,5090
51,ASV2,ASV17,142_2016a,964_2016a,2016a,142,964,311
195,ASV2,ASV17,244_2017,964_2017,2017,244,964,9948
58,ASV2,,145_2016a,967_2016a,2016a,145,967,2733
201,ASV2,,247_2017,967_2017,2017,247,967,19332
202,ASV2,ASV17,248_2017,969_2017,2017,248,969,5829
213,ASV19,ASV28,253_2017,973_2017,2017,253,973,11924
215,ASV9,,255_2017,975_2017,2017,255,975,17266
273,ASV9,,307_2019,307_2019,2019,307,975,5
226,ASV4,,261_2017,976_2017,2017,261,976,17050
224,ASV4,ASV10,260_2017,977_2017,2017,260,977,10692
223,ASV14,,259_2017,979_2017,2017,259,979,12024
217,ASV6,,256_2017,980_2017,2017,256,980,18077
135,ASV9,,185_2016a,981_2016a,2016a,185,981,170
593,ASV9,ASV42,150_2016b,981_2016b,2016b,150,981,8839
137,ASV2,,186_2016a,982_2016a,2016a,186,982,257
170,ASV2,,218_2018,218_2018,2018,218,982,317
242,ASV2,,279_2017,982?_2017,2017,279,982,12571
369,ASV2,,64_2019,64_2019,2019,64,982,217
592,ASV2,,149_2016b,982_2016b,2016b,149,982,6491
139,ASV2,ASV15,187_2016a,983_2016a,2016a,187,983,771
246,ASV15,ASV2,281_2017,983_2017,2017,281,983,30859
595,ASV141,,153_2016b,984_2016b,2016b,153,984,529
143,ASV14,ASV44,189_2016a,985_2016a,2016a,189,985,206
247,ASV44,ASV14,282_2017,985_2017,2017,282,985,28524
596,ASV44,ASV14,154_2016b,985_2016b,2016b,154,985,6053
161,ASV44,,205_2016a,988_2016a,2016a,205,988,807
221,ASV2,,258_2017,992_2017,2017,258,992,11982
278,ASV2,,311_2019,311_2019,2019,311,992,7
121,ASV45,,178_2016a,993_2016a,2016a,178,993,243
231,ASV45,,267_2017,993_2017,2017,267,993,2930
589,ASV45,ASV9,136_2016b,993_2016b,2016b,136,993,2507
123,ASV2,,179_2016a,994_2016a,2016a,179,994,130
168,ASV2,ASV17,215_2018,215_2018,2018,215,994,5845
236,ASV2,ASV17,273_2017,994_2017,2017,273,994,3200
184,ASV69,,232_2018,232_2018,2018,232,998,205
238,ASV69,ASV94,274_2017,998_2017,2017,274,998,18225
590,ASV69,ASV94,145_2016b,998_2016b,2016b,145,998,3767
132,ASV10,ASV4,184_2016a,999_2016a,2016a,184,999,822
176,ASV69,,227_2018,227_2018,2018,227,999,49
239,ASV10,ASV4,277_2017,999_2017,2017,277,999,19091
591,ASV10,ASV4,147_2016b,999_2016b,2016b,147,999,6276
234,ASV7,,27_2018,27_2018,2018,27,1004,42
372,ASV7,ASV6,70_2017,1004_2017,2017,70,1004,17922
565,ASV7,ASV46,72_2016b,1004_2016b,2016b,72,1004,12133
16,ASV17,,118_2019,118_2019,2019,118,1006,390
204,ASV17,,25_2018,25_2018,2018,25,1006,451
374,ASV17,,73_2017,1006_2017,2017,73,1006,345
519,ASV10,,218_2016a,1006_2016a,2016a,218,1006,11
566,ASV17,,73_2016b,1006_2016b,2016b,73,1006,4138
520,ASV10,,219_2016a,1007_2016a,2016a,219,1007,11370
22,ASV6,,120_2019,120_2019,2019,120,1010,9
521,ASV2,,222_2016a,1010_2016a,2016a,222,1010,10382
26,ASV2,,123_2019,123_2019,2019,123,1012,10382
284,ASV2,,32_2018,32_2018,2018,32,1012,707
376,ASV2,,81_2017,1012_2017,2017,81,1012,3409
522,ASV2,,227_2016a,1015_2016a,2016a,227,1015,25
573,ASV2,,89_2016b,1015_2016b,2016b,89,1015,88142
673,ASV2,,124_2019,124_2019,2019,124,1015,682
524,ASV4,,230_2016a,1018_2016a,2016a,230,1018,6
570,ASV7,,85_2016b,1018_2016b,2016b,85,1018,6063
682,ASV7,,104_2019,104_2019,2019,104,1018,22
377,ASV4,ASV9,82_2017,1019_2017,2017,82,1019,3394
517,ASV9,ASV4,211_2016a,1019_2016a,2016a,211,1019,1926
572,ASV9,,88_2016b,1019_2016b,2016b,88,1019,7023
39,ASV4,,134_2019,134_2019,2019,134,1021,91
293,ASV15,,33_2018,33_2018,2018,33,1021,299
379,ASV4,ASV15,86_2017,1021_2017,2017,86,1021,12187
518,ASV15,,213_2016a,1021_2016a,2016a,213,1021,3935
569,ASV4,,82_2016b,1021_2016b,2016b,82,1021,19256
383,ASV15,ASV4,93_2017,1025_2017,2017,93,1025,27460
525,ASV15,ASV4,232_2016a,1025_2016a,2016a,232,1025,4799
574,ASV15,ASV4,92_2016b,1025_2016b,2016b,92,1025,4549
527,ASV10,ASV9,236_2016a,1029_2016a,2016a,236,1029,2158
576,ASV10,ASV9,98_2016b,1029_2016b,2016b,98,1029,1245
52,ASV2,ASV39,142_2016b,1039_2016b,2016b,142,1039,178
227,ASV2,ASV39,263_2016a,1039_2016a,2016a,263,1039,627
233,ASV2,ASV39,269_2017,1039_2017,2017,269,1039,6981
345,ASV4,ASV42,45_2017,1041_2017,2017,45,1041,28555
528,ASV4,ASV42,242_2016a,1041_2016a_1,2016a,242,1041,967
529,ASV26,ASV79,243_2016a,1041_2016a,2016a,243,1041,15598
561,ASV26,ASV79,66_2016b,1041_2016b,2016b,66,1041,15369
346,ASV28,ASV19,46_2017,1042_2017,2017,46,1042,34600
530,ASV28,ASV19,244_2016a,1042_2016a_1,2016a,244,1042,6871
560,ASV19,ASV28,65_2016b,1042_2016b,2016b,65,1042,12057
334,ASV6,,40_2017,1043_2017,2017,40,1043,3
531,ASV19,,245_2016a,1042_2016a,2016a,245,1043,6820
532,ASV15,ASV10,246_2016a,1043_2016a_1,2016a,246,1043,1113
533,ASV15,ASV10,247_2016a,1043_2016a,2016a,247,1043,6916
559,ASV15,,64_2016b,1043_2016b,2016b,64,1043,17457
337,ASV2,ASV17,41_2017,1044_2017,2017,41,1044,33883
534,ASV4,ASV10,248_2016a,1044_2016a_1,2016a,248,1044,5926
535,ASV10,ASV4,249_2016a,1044_2016a,2016a,249,1044,37785
558,ASV4,ASV10,63_2016b,1044_2016b,2016b,63,1044,13493
339,ASV4,,42_2017,1045_2017,2017,42,1045,47753
536,ASV4,,250_2016a,1045_2016a_1,2016a,250,1045,8473
537,ASV4,,251_2016a,1045_2016a,2016a,251,1045,4457
557,ASV4,,62_2016b,1045_2016b,2016b,62,1045,21328
538,ASV10,ASV9,252_2016a,1046_2016a_1,2016a,252,1046,4598
342,ASV4,ASV10,43_2017,1047_2017,2017,43,1047,32120
540,ASV4,ASV10,254_2016a,1047_2016a_1,2016a,254,1047,1271
541,ASV4,ASV10,255_2016a,1047_2016a,2016a,255,1047,44451
556,ASV10,ASV4,61_2016b,1047_2016b,2016b,61,1047,3072
542,ASV9,ASV22,257_2016a,1048_2016a_1,2016a,257,1048,17472
543,ASV9,ASV22,258_2016a,1048_2016a,2016a,258,1048,16356
555,ASV9,,60_2016b,1048_2016b,2016b,60,1048,18384
36,ASV19,,132_2016b,1053_2016b,2016b,132,1053,341
228,ASV19,,263_2017,1053_2017,2017,263,1053,16552
232,ASV19,,269_2016a,1053_2016a,2016a,269,1053,1326
94,ASV26,,163_2019,163_2019,2019,163,1066,64
253,ASV2,ASV49,29_2017,1066_2017,2017,29,1066,10508
564,ASV81,ASV26,71_2016b,1066_2016b,2016b,71,1066,7575
384,ASV2,,94_2017,1067_2017,2017,94,1067,10855
575,ASV2,,95_2016b,1067_2016b,2016b,95,1067,1792
34,ASV2,ASV76,13_2017,1077_2017,2017,13,1077,25151
676,ASV2,ASV76,146_2018,146_2018,2018,146,1077,980
3,ASV9,ASV15,102_2017,1086_2017,2017,102,1086,1428
48,ASV15,ASV9,140_2018,140_2018,2018,140,1086,93
169,ASV9,,117_2015a - Post,1086_2015a,2015a - Post,117,1086,3048
260,ASV15,ASV9,3_2019,3_2019,2019,3,1086,157
288,ASV9,,168_2015b,1086_2015b,2015b,168,1086,8980
328,ASV9,ASV15,374_2015c_1,1086_2015c_1,2015c,374,1086,1022
453,ASV9,,374_2015c,1086_2015c,2015c,374,1086,680
470,ASV9,ASV15,30_2016a,1086_2016a,2016a,30,1086,1098
598,ASV9,ASV15,159_2016b,1086_2016b,2016b,159,1086,5297
285,ASV4,ASV9,32_2017,1091_2017,2017,32,1091,12273
326,ASV2,,37_2017,1094_2017,2017,37,1094,22623
336,ASV2,,41_2018,41_2018,2018,41,1094,122
330,ASV25,,38_2017,1095_2017,2017,38,1095,7866
347,ASV26,,47_2017,1097_2017,2017,47,1097,17040
681,ASV82,,47_2017_1,47_2017_1,2017,47,1097,356
353,ASV15,,49_2017,1099_2017,2017,49,1099,21014
674,ASV15,,176_2018,176_2018,2018,176,1099,54
358,ASV2,ASV15,53_2017,1101_2017,2017,53,1101,1605
677,ASV2,ASV15,92_2018,92_2018,2018,92,1101,989
368,ASV7,,62_2017,1108_2017,2017,62,1108,3587
18,ASV7,ASV6,119_2018,119_2018,2018,119,1112,95
370,ASV7,ASV6,67_2017,1112_172_2017,2017,67,1112,7298
7,ASV7,,108_2017,1117_2017,2017,108,1117,897
15,ASV7,,117_2017,1118_2017,2017,117,1118,7020
669,ASV7,,137_2018,137_2018,2018,137,1118,46
679,ASV19,,304_2019_2,304_2019_2,2019,304,1118,19
28,ASV4,,124_2017,1123_2017,2017,124,1123,1368
267,ASV4,,303_2019,303_2019,2019,303,1123,3
32,ASV10,,128_2017,1126_2017,2017,128,1126,2799
41,ASV2,ASV27,138_2017,1136_2017,2017,138,1136,6478
672,ASV27,,229_2019,229_2019,2019,229,1136,3
42,ASV6,,139_2017,1137_2017,2017,139,1137,236701
49,ASV2,,140_2017,1138_2017,2017,140,1138,114623
55,ASV10,ASV4,142_2017,1140_2017,2017,142,1140,23484
64,ASV4,,150_2018,150_2018,2018,150,1140,16
166,ASV10,,213_2019,213_2019,2019,213,1140,53
56,ASV7,ASV6,144_2017,1142_2017,2017,144,1142,33436
59,ASV6,ASV19,146_2017,1144_2017,2017,146,1144,4784
63,ASV25,,149_2017,1146_2017,2017,149,1146,11765
65,ASV10,,150_2017,1148_2017,2017,150,1147,11107
67,ASV16,,151_2017,1149_2017,2017,151,1148,16746
72,ASV19,,156_2017,867_2017,2017,156,1150,3748
76,ASV2,,159_2017,1147_2017,2017,159,1152,8701
88,ASV90,ASV16,160_2017,1153_2017,2017,160,1153,11927
93,ASV15,ASV4,162_2017,1155_2017,2017,162,1155,15537
95,ASV17,,163_2017,1156_2017,2017,163,1156,15655
101,ASV10,ASV4,169_2017,1162_2017,2017,169,1162,22437
117,ASV45,ASV6,175_2017,151_1166_2017,2017,175,1166,26244
198,ASV6,,246_2018,246_2018,2018,246,1166,4
206,ASV6,,250_2019,250_2019,2019,250,1166,30
485,ASV45,ASV6,81_2016a,151_1166_2016a,2016a,81,1166,939
585,ASV6,,123_2016b,151_1166_2016b,2016b,123,1166,9804
124,ASV19,,179_2017,1170_2017,2017,179,1170,20370
129,ASV7,,181_2017,1172_2017,2017,181,1172,24171
136,ASV26,,185_2017,1174_2017,2017,185,1174,21857
196,ASV26,,245_2019,245_2019,2019,245,1174,33
366,ASV26,,60_2018,60_2018,2018,60,1174,33
104,ASV26,,187_2017_1,187_2017_1,2017,187,1175,10
141,ASV17,ASV49,187_2017,1175_2017,2017,187,1175,22623
151,ASV7,,193_2017,1181_2017,2017,193,1181,4665
105,ASV9,ASV4,194_2017_1,194_2017_1,2017,194,1182,70
153,ASV9,ASV4,194_2017,1182_2017,2017,194,1182,3323
118,ASV4,ASV10,176_2019,176_2019,2019,176,1194,89
182,ASV2,,230_2017,1194_2017,2017,230,1194,5766
183,ASV9,ASV4,231_2017,1195_2017,2017,231,1195,5429
188,ASV28,ASV7,237_2017,1198_2017,2017,237,1198,17062
671,ASV7,,198_2018,198_2018,2018,198,1198,21
193,ASV116,ASV26,240_2017,1200_2017,2017,240,1200,19921
203,ASV9,,249_2017,1204_2017,2017,249,1204,2490
207,ASV6,,250_2017,1205_2017,2017,250,1205,11919
209,ASV10,ASV42,251_2017,1206_2017,2017,251,1206,10374
210,ASV77,ASV16,252_2017,1207_2017,2017,252,1207,3923
248,ASV141,,283_2017,1209_2017,2017,283,1209,11654
250,ASV69,ASV94,284_2017,1210_2017,2017,284,1210,13243
257,ASV46,ASV39,297_2017,1222_2017,2017,297,1222,9703
259,ASV6,,298_2017,1223_2017,2017,298,1223,9034
287,ASV10,ASV4,321_2017,1230_2017,2017,321,1230,35862
289,ASV7,,323_2017,1232_2017,2017,323,1232,42349
109,ASV7,,325_2017_1,325_2017_1,2017,325,1234,66
290,ASV7,,325_2017,1234_2017,2017,325,1234,25048
292,ASV14,,329_2017,1238_2017,2017,329,1238,48368
110,ASV7,,330_2017_1,330_2017_1,2017,330,1239,129
294,ASV7,,330_2017,1239_2017,2017,330,1239,53553
297,ASV25,,334_2017,1243_2017,2017,334,1243,25392
299,ASV6,,335_2017,1244_2017,2017,335,1244,8962
300,ASV32,ASV6,336_2017,1245_2017,2017,336,1245,26511
301,ASV14,,337_2017,1246_2017,2017,337,1246,3149
302,ASV17,,338_2017,1247_2017,2017,338,1247,19462
304,ASV2,,340_2017,1249_2017,2017,340,1249,3525
306,ASV14,ASV19,341_2017,1250_2017,2017,341,1250,4948
308,ASV9,ASV46,344_2017,1253_2017,2017,344,1253,15348
309,ASV77,,346_2017,1255_2017,2017,346,1255,20307
310,ASV16,ASV67,347_2017,1256_2017,2017,347,1256,24830
311,ASV165,ASV6,348_2017,1257_2017,2017,348,1257,8831
271,ASV32,,305_2017,580_2017,2017,305,1264,9341
145,ASV2,,290_2019,290_2019,2019,290,1352,433
146,ASV7,,294_2019,294_2019,2019,294,1353,1175
147,ASV4,,295_2019,295_2019,2019,295,1354,28
356,ASV4,ASV15,50_2019,50_2019,2019,50,1376,430
160,ASV2,,204_2019,204_2019,2019,204,1422,53
261,ASV2,,3_2017,5_2017,2017,3,1422,23156
546,ASV2,,9_2016b,5_2016b,2016b,9,1422,8650
17,ASV14,,1_2014,1_2014,2014,1,1_1425,24846
122,ASV14,,1_2015a - Pre,1_2015a_1,2015a - Pre,1,1_1425,10912
152,ASV7,,82_2015a - Post,1_2015a,2015a - Post,82,1_1425,3169
162,ASV14,,206_2019,206_2019,2019,206,1_1425,31
212,ASV7,,1_2015b,1_2015b,2015b,1,1_1425,11815
316,ASV14,,5_2017_FQ,KI17FQ5,2017,5,1_1425,16
355,ASV14,,5_2017,1_2017,2017,5,1_1425,27480
422,ASV14,,1_2015c,1_2015c,2015c,1,1_1425,12345
473,ASV14,,41_2016a,1_2016a,2016a,41,1_1425,5685
545,ASV14,,7_2016b,1_2016b,2016b,7,1_1425,6176
567,ASV2,,75_2016b,1007_2016b,2016b,75,1007b,2673
375,ASV6,,76_2017,1010_2017,2017,76,1010b,1157
568,ASV6,,77_2016b,1010_2016b,2016b,77,1010b,9165
523,ASV17,,228_2016a,1016_2016a,2016a,228,1016_1346,36349
675,ASV41,ASV2,37_2018,37_2018,2018,37,1016a_1346,230
322,ASV7,,36_2018,36_2018,2018,36,1016b,36
378,ASV7,ASV6,83_2017,1016b_2017,2017,83,1016b,744
571,ASV7,ASV46,87_2016b,1016b_2016b,2016b,87,1016b,22289
9,ASV4,ASV27,110_2019,110_2019,2019,110,1027_1342,145
382,ASV4,ASV27,92_2017,1027_2017,2017,92,1027_1342,46469
526,ASV4,ASV27,234_2016a,1027_2016a,2016a,234,1027_1342,6832
577,ASV4,ASV27,100_2016b,1027_2016b,2016b,100,1027_1342,5925
2,ASV9,ASV59,100_2017,1029b_2017,2017,100,1029b,13333
343,ASV2,,44_2017,1046_2017,2017,44,1046b,19844
554,ASV2,,59_2016b,1046_2016b,2016b,59,1046b,8853
539,ASV10,ASV9,NA_2016a,1046_2016a,2016a,NA,1046b_x,44917
164,ASV19,,207_2017,1058_2017,2017,207,1058b,2996
114,ASV15,ASV4,174_2017,1082_2017,2017,174,1082_1430,26968
218,ASV4,,257_2019,257_2019,2019,257,1082_1430,7
587,ASV15,,128_2016b,1082_2016b,2016b,128,1082_1430,5631
35,ASV6,,130_2017,1128_2017,2017,130,1128_1288,21721
670,ASV6,,133_2018,133_2018,2018,133,1128_1288,7
680,ASV6,,16_2019,16_2019,2019,16,1128_1288,290
98,ASV27,,167_2017,1160_2017,2017,167,1160_1268,26845
144,ASV2,,189_2017,1177_2017,2017,189,1177_1387,30008
106,ASV126,,195_2017_1,195_2017_1,2017,195,1183_1453,34
154,ASV9,ASV46,195_2017,1183_2017,2017,195,1183_1453,1161
29,ASV60,ASV16,12_2014,12_635_2014,2014,12,12_635,8619
140,ASV16,ASV60,11_2015a - Pre,10b_2015a,2015a - Pre,11,12_635,8826
158,ASV16,ASV60,91_2015a - Post,12_574_635_2015a,2015a - Post,91,12_635,7390
222,ASV16,ASV60,10_2015b,635_2015b,2015b,10,12_635,13134
283,ASV2,ASV15,159_2015b,122b_2015b,2015b,159,122b,2016
296,ASV205,,332_2017,1241_2017,2017,332,1241_1267,64
171,ASV140,,122_2015a - Post,126b_2015a,2015a - Post,122,126b,897
668,ASV17,,33_2019,33_2019,2019,33,1298_1338,26
172,ASV6,ASV45,126_2015a - Post,131b_2015a,2015a - Post,126,131b,10465
240,ASV22,ASV174,41_2015b,131c_2015b,2015b,41,131c,4126
21,ASV4,,120_2018,120_2018,2018,120,183_1114_1340,98
99,ASV26,,168_2015c,183_1114_2015c,2015c,168,183_1114_1340,11
243,ASV26,,28_2019,28_2019,2019,28,183_1114_1340,37
371,ASV4,,69_2017,1114_183_2017,2017,69,183_1114_1340,8934
632,ASV4,ASV42,183_2014,183_1114_2014,2014,183,183_1114_1340,8778
388,ASV7,,188_2014,191_2014,2014,188,188_971,1045
437,ASV7,,196_2015c,188_971_2015c,2015c,196,188_971,1209
513,ASV7,,191_2016a,188_971_2016a,2016a,191,188_971,2041
205,ASV14,,25_2019,25_2019,2019,25,200_972_1336,5
313,ASV14,ASV6,351_2017,972_2017,2017,351,200_972_1336,7551
352,ASV14,,49_2018,49_2018,2018,49,200_972_1336,109
391,ASV14,,200_2014,314_1088_2014,2014,200,200_972_1336,20496
440,ASV14,ASV6,205_2015c,200_972_2015c,2015c,205,200_972_1336,16645
516,ASV14,ASV6,195_2016a,200_972_2016a,2016a,195,200_972_1336,6419
303,ASV4,ASV27,250_2015b,314_2015b,2015b,250,314b_1088_1263,7977
458,ASV27,ASV4,482_2015c,314_1088_2015c,2015c,482,314b_1088_1263,2225
107,ASV9,,223_2017_2,223_2017_2,2017,223,314c_1088,62
6,ASV9,ASV4,108_2018,108_2018,2018,108,314c_1088_1263,1875
133,ASV9,ASV4,184_2019,184_2019,2019,184,314c_1088_1263,408
173,ASV9,ASV4,223_2017,1088_2017,2017,223,314c_1088_1263,971
496,ASV9,ASV4,111_2016a,314_1088_2016a,2016a,111,314c_1088_1263,16641
605,ASV9,ASV4,177_2016b,314_1088_2016b_1,2016b,177,314c_1088_1263,10081
130,ASV2,,182_2019,182_2019,2019,182,354_1439,101
191,ASV2,,239_2017,354_2017,2017,239,354_1439,10617
314,ASV2,,264_2015b,354_2015b,2015b,264,354_1439,9624
319,ASV2,,239_2017_FQ,KI17FQ239,2017,239,354_1439,24
393,ASV2,,354_2014,361_2014,2014,354,354_1439,118
460,ASV2,,497_2015c,354_2015c,2015c,497,354_1439,1307
500,ASV2,,125_2016a,354_2016a,2016a,125,354_1439,361
607,ASV2,,184_2016b,354_2016b,2016b,184,354_1439,15616
85,ASV16,,517_2015c,517_2015c,2015c,517,361b,4
318,ASV25,,267_2015b,361_2015b,2015b,267,361b,16932
502,ASV25,,128_2016a,361_2016a,2016a,128,361b,11252
335,ASV15,ASV2,400_2015c,374_891_1294_2015c,2015c,400,374_891_1294,2737
357,ASV2,,51_2017,891_2017,2017,51,374_891_1294,3708
359,ASV2,ASV15,55_2019,55_2019,2019,55,374_891_1294,2534
380,ASV2,ASV15,87_2018,87_2018,2018,87,374_891_1294,596
647,ASV15,ASV2,374_2014,374_891_2014,2014,374,374_891_1294,9573
648,ASV7,ASV28,383_2014,383_895_2014,2014,383,383_895,79
80,ASV27,ASV4,337_2015c,337_2015c,2015c,337,387b,196
254,ASV27,ASV4,58_2015b,387_2015b,2015b,58,387b,6255
360,ASV4,ASV10,55_2017,1103_407_2017,2017,55,407_1103_1378,8059
385,ASV2,,98_2018,98_2018,2018,98,407_1103_1378,62
650,ASV4,,407_2014,407_1103_2014,2014,407,407_1103_1378,8496
338,ASV2,,417_2015c,407_1103_2015c,2015c,417,407b,1384
340,ASV19,,423_2015c,416_1104_2015c,2015c,423,416_1104,21
363,ASV19,,58_2017,1104_416_2017,2017,58,416_1104,615
341,ASV19,,424_2015c,420_2015c,2015c,424,420b,89
362,ASV19,,57_2017,420_2017,2017,57,420b,7861
256,ASV16,,63_2015b,434_2015b,2015b,63,434b,2930
208,ASV9,,251_2018,251_2018,2018,251,441_1304,25
263,ASV4,ASV10,74_2015b,441_2015b,2015b,74,441_1304,12754
396,ASV4,,441_2014,499_2014,2014,441,441_1304,301
452,ASV4,,354_2015c,441_2015c,2015c,354,441_1304,1606
486,ASV9,ASV28,85_2016a,441_2016a,2016a,85,441_1304,2584
586,ASV28,,127_2016b,441_2016b,2016b,127,441_1304,1475
82,ASV2,,353_2015c,353_2015c,2015c,353,445_683,153
268,ASV10,,133_2015b,445_683_2015b,2015b,133,445_683,6129
655,ASV10,,445_2014,445_683_2014,2014,445,445_683,13063
100,ASV41,ASV22,451_2014,451_2014,2014,451,451_871,7116
199,ASV41,ASV22,158_2015a - Post,451_2015a,2015a - Post,158,451_871,4980
276,ASV41,ASV22,141_2015b,451_2015b,2015b,141,451_871,9626
426,ASV41,ASV22,84_2015c,451_871_2015c,2015c,84,451_871,1443
481,ASV41,ASV22,65_2016a,451_871_2016a,2016a,65,451_871,70910
269,ASV93,ASV6,304_2017,1073_2017,2017,304,578_1073,11996
398,ASV7,,27_2015a - Pre,578_1073_2015a,2015a - Pre,27,578_1073,4446
407,ASV7,,76_2015b,578_1073_2015b,2015b,76,578_1073,265
428,ASV7,,97_2015c,578_1073_2015c,2015c,97,578_1073,12526
504,ASV93,ASV6,149_2016a,578_1073_2016a,2016a,149,578_1073,9283
581,ASV93,ASV6,116_2016b,578_1073_2016b,2016b,116,578_1073,9748
408,ASV7,,79_2015b,580_2015b,2015b,79,580b,190
429,ASV7,,99_2015c,580_2015c,2015c,99,580b,7628
505,ASV32,,150_2016a,580_2016a,2016a,150,580c,2640
274,ASV9,,307_2017,585_2017,2017,307,585_1262,20803
373,ASV9,,72_2018,72_2018,2018,72,585_1262,13
400,ASV9,ASV46,34_2015a - Pre,585_2015a,2015a - Pre,34,585_1262,1580
430,ASV9,ASV46,106_2015c,585_2015c,2015c,106,585_1262,9832
506,ASV9,ASV46,152_2016a,585_2016a,2016a,152,585_1262,4742
580,ASV6,ASV126,114_2016b,585_2016b,2016b,114,585_1262x,13097
404,ASV7,,69_2015a - Pre,620_1229_2015a,2015a - Pre,69,620_1229,1189
433,ASV7,,134_2015c,620_1229_2015c,2015c,134,620_1229,6972
509,ASV7,,162_2016a,620_1229_2016a,2016a,162,620_1229,7945
69,ASV7,,155_2017,1150_2017,2017,155,669_1074,4800
325,ASV19,,37_2015c,669_1074_2015c,2015c,37,669_1074,140
582,ASV7,,117_2016b,669_1074_2016b,2016b,117,669_1074,4031
25,ASV39,,123_2015b,677_1151_2015b,2015b,123,677_1151,312
75,ASV7,,158_2017,1152_2017,2017,158,677_1151,5809
584,ASV7,,120_2016b,677_1151_2016b,2016b,120,677_1151,10771
138,ASV70,,186_2017,1083_2017,2017,186,682_1083,26183
211,ASV70,,253_2019,253_2019,2019,253,682_1083,79
266,ASV70,ASV7,128_2015b,126b_2015b,2015b,128,682_1083,5721
281,ASV70,ASV7,314_2015c,682_1083_2015c,2015c,314,682_1083,428
367,ASV7,,61_2018,61_2018,2018,61,682_1083,12
588,ASV70,,129_2016b,682_1083_2016b,2016b,129,682_1083,5713
131,ASV2,,6_2015a - Pre,6b_2015a,2015a - Pre,6,6b,2332
332,ASV166,,390_2015c,884_2015c,2015c,390,70_884,34
618,ASV166,,70_2014,70_2014,2014,70,70_884,5834
411,ASV4,ASV10,223_2015b,746_1058_2015b,2015b,223,746_1058,787
457,ASV4,ASV10,454_2015c,746_1058_2015c,2015c,454,746_1058,5327
467,ASV4,ASV10,12_2016a,746_1058_2016a,2016a,12,746_1058,9390
548,ASV4,ASV10,20_2016b,746_1058_2016b,2016b,20,746_1058,8346
549,ASV22,,33_2016b,790_2016b,2016b,33,790b,7156
413,ASV59,ASV6,290_2015b,794_946_2015b,2015b,290,794_946,1232
443,ASV59,ASV6,262_2015c,794_946_2015c,2015c,262,794_946,393
494,ASV6,ASV59,105_2016a,794_946_2016a,2016a,105,794_946,3877
562,ASV59,ASV6,67_2016b,794_946_2016b,2016b,67,794_946,16966
70,ASV2,,156_2019,156_2019,2019,156,794b_946,37
127,ASV2,,18_2017,946_2017,2017,18,794b_946,9886
125,ASV2,,182_2018,182_2018,2018,182,810c_1436,1160
244,ASV32,,28_2017,816_2017,2017,28,816b,14843
489,ASV32,,97_2016a,816_2016a,2016a,97,816b,6292
90,ASV2,,161_2019,161_2019,2019,161,818_1350,114
115,ASV2,ASV49,175_2018,175_2018,2018,175,818_1350,248
165,ASV2,ASV49,21_2017,818_2017,2017,21,818_1350,15800
415,ASV81,ASV26,314_2015b,818_2015b,2015b,314,818_1350,3530
444,ASV2,,269_2015c,818_2015c,2015c,269,818_1350,85
488,ASV26,ASV81,92_2016a,818_2016a,2016a,92,818_1350,12888
550,ASV81,ASV26,35_2016b,818_2016b,2016b,35,818_1350,11022
312,ASV2,ASV17,35_2017,821_2017,2017,35,821b,18029
419,ASV10,ASV4,330_2015b,834_947_2015b,2015b,330,834_947_1437,8778
448,ASV14,,295_2015c,834_947_2015c,2015c,295,834_947_1437,17
495,ASV10,,106_2016a,834_947_2016a,2016a,106,834_947_1437,2747
551,ASV10,,40_2016b,839_2016b,2016b,40,834_947_1437,8463
120,ASV4,,177_2019,177_2019,2019,177,842_1090,9
186,ASV4,ASV42,234_2017,1090_2017,2017,234,842_1090,21288
327,ASV4,ASV42,338_2015b,842_2015b,2015b,338,842_1090,8240
462,ASV4,ASV42,522_2015c,842_1090_2015c,2015c,522,842_1090,3961
499,ASV4,,124_2016a,842_1090_2016a,2016a,124,842_1090,1716
609,ASV4,ASV42,188_2016b,842_1090_2016b,2016b,188,842_1090,20518
606,ASV10,ASV4,179_2016b,853_2016b,2016b,179,853b,8074
225,ASV28,ASV7,13_2015b,87b_2015b,2015b,13,87b,13490
475,ASV10,ASV4,46_2016a,87c_2016a,2016a,46,87c,3232
134,ASV27,ASV15,8_2015a - Pre,87d_2015a,2015a - Pre,8,87d,661
89,ASV2,,161_2018,161_2018,2018,161,8b_934,353
156,ASV2,,87_2015a - Post,8b_934_2015a,2015a - Post,87,8b_934,6724
219,ASV2,,6_2015b,8b_934_2015b,2015b,6,8b_934,7405
365,ASV2,,6_2017,8b_934_2017,2017,6,8b_934,36759
480,ASV2,,63_2016a,8b_934_2016a,2016a,63,8b_934,17612
547,ASV2,,10_2016b,8b_934_2016b,2016b,10,8b_934,6905
5,ASV9,,105_2017,905_2017,2017,105,905_1308,4096
33,ASV9,,13_2019,13_2019,2019,13,905_1308,23
38,ASV9,,134_2018,134_2018,2018,134,905_1308,72
468,ASV9,,23_2016a,905_2016a,2016a,23,905_1308,1254
603,ASV9,ASV10,170_2016b,905_2016b,2016b,170,905_1308,2026
600,ASV2,,162_2016b,913_2016b,2016b,162,913b,1496
23,ASV25,ASV91,120_2017,917b_2017,2017,120,917b,22427
157,ASV10,,201_2019,201_2019,2019,201,924b,34
544,ASV4,,5_2016b,924_2016b,2016b,5,924b,1417
315,ASV142,ASV16,352_2017,971b_2017,2017,352,971b,12764
214,ASV16,ASV25,254_2017,974_2017,2017,254,974b,14282
220,ASV4,,257_2017,978_2017,2017,257,978_1358,33932
279,ASV4,,312_2019,312_2019,2019,312,978_1358,799
128,ASV2,,181_2016a,996_2016a,2016a,181,996_1379,277
235,ASV2,,271_2017,996_2017,2017,271,996_1379,17487
594,ASV2,,151_2016b,996_2016b,2016b,151,996_1379,1251
